waypoint1	waypoint2	distance_m	duration_s
Palace Of Maharana Pratap, Udaipur, Rajasthan, India	Virupaksha Temple, Hampi, Karnataka, India	1488993	76238
Mani Bhavan Gandhi Sanghralaya, Laburnum Road, Papanas Wadi, Mumbai, Maharashtra, India	Mehrangarh Fort, Jodhpur, Rajasthan, India	986554	51710
Solang Valley, Burwa, Himachal Pradesh, India	Mani Bhavan Gandhi Sanghralaya, Laburnum Road, Papanas Wadi, Mumbai, Maharashtra, India	2021328	107071
Palace Of Maharana Pratap, Udaipur, Rajasthan, India	Hawa Mahal, Hawa Mahal Road, Badi Choupad, Pink City, Jaipur, Rajasthan, India	423322	20733
Mehrangarh Fort, Jodhpur, Rajasthan, India	Marine Drive, Chowpatty, Mumbai, Maharashtra, India	988064	52049
Marina Beach, Chennai, Tamil Nadu, India	Sabarmati Ashram, Ahmedabad, Gujarat, India	1849935	89524
Amer Fort and Palace, Jaipur, Rajasthan, India	Marine Drive, Chowpatty, Mumbai, Maharashtra, India	1209229	60544
India Backwaters, Kochi, Kerala, India	Jog Falls, Karnataka, India	630689	48317
Golden Temple, Amritsar, Punjab, India	Palolem Beach, Goa, India	2237676	126636
Kodaikanal Lake, Kodaikanal, Tamil Nadu, India	Kaziranga National Park, Kanchanjuri, Assam, India	3316735	189027
Dal Lake, Rainawari, Srinagar	Taj Mahal, Agra, Uttar Pradesh, India	1063959	65392
Itmad-ud-Daula, Agra, Uttar Pradesh, India	Virupaksha Temple, Hampi, Karnataka, India	1743453	96699
Gandhi Smriti, New Delhi, Delhi, India	Virupaksha Temple, Hampi, Karnataka, India	1876168	102446
Solang Valley, Burwa, Himachal Pradesh, India	Itmad-ud-Daula, Agra, Uttar Pradesh, India	760974	46353
Marine Drive, Chowpatty, Mumbai, Maharashtra, India	Charminar, Hyderabad, Telangana, India	725250	41628
Gandhi Smriti, New Delhi, Delhi, India	Palace Of Maharana Pratap, Udaipur, Rajasthan, India	682834	33696
Golden Temple, Amritsar, Punjab, India	Mehrangarh Fort, Jodhpur, Rajasthan, India	756632	41980
Swaminarayan Akshardham, New Delhi, Delhi, India	Charminar, Hyderabad, Telangana, India	1546442	82117
Itmad-ud-Daula, Agra, Uttar Pradesh, India	Gateway Of India Mumbai, Mumbai, Maharashtra, India	1422285	73148
Maharajah's Palace, Mysore, Karnataka, India	Agra Fort, Agra, Uttar Pradesh, India	2071995	109224
Kaziranga National Park, Kanchanjuri, Assam, India	Charminar, Hyderabad, Telangana, India	2618653	151614
Golden Temple, Amritsar, Punjab, India	India Backwaters, Kochi, Kerala, India	3146455	165773
Qutub Minar, New Delhi, Delhi, India	Mehrangarh Fort, Jodhpur, Rajasthan, India	582698	30443
Itmad-ud-Daula, Agra, Uttar Pradesh, India	Maharajah's Palace, Mysore, Karnataka, India	2085131	109195
Virupaksha Temple, Hampi, Karnataka, India	India Backwaters, Kochi, Kerala, India	894874	50409
Hawa Mahal, Hawa Mahal Road, Badi Choupad, Pink City, Jaipur, Rajasthan, India	Marina Beach, Chennai, Tamil Nadu, India	2090206	115854
Itmad-ud-Daula, Agra, Uttar Pradesh, India	Ajanta Caves, Aurangabad, Maharashtra, India	915067	62794
Kanha National Park, Madhya Pradesh, India	Golconda Fort, Fort Road, Hyderabad, Telangana, India	765016	43519
Khajuraho Temples, Khajuraho, Madhya Pradesh, India	India Backwaters, Kochi, Kerala, India	2190707	117295
Kanha National Park, Madhya Pradesh, India	Amer Fort and Palace, Jaipur, Rajasthan, India	950393	52452
Red Fort, Netaji Subhash Marg, Chandni Chowk, New Delhi, Delhi, India	Ajanta Caves, Aurangabad, Maharashtra, India	1206171	63599
Jaisalmer Fort, Amar Sagar Pol, Jaisalmer, Rajasthan, India	Sabarmati Ashram, Ahmedabad, Gujarat, India	529124	27506
India Backwaters, Kochi, Kerala, India	Red Fort, Netaji Subhash Marg, Chandni Chowk, New Delhi, Delhi, India	2675444	139978
Jaisalmer Fort, Amar Sagar Pol, Jaisalmer, Rajasthan, India	Konark Sun Temple, Konark, Odisha, India	2297792	127479
Qutub Minar, New Delhi, Delhi, India	Palolem Beach, Goa, India	1893962	107119
Amer Fort and Palace, Jaipur, Rajasthan, India	Agra Fort, Agra, Uttar Pradesh, India	243011	13969
Solang Valley, Burwa, Himachal Pradesh, India	Taj Mahal, Agra, Uttar Pradesh, India	769655	47461
Itmad-ud-Daula, Agra, Uttar Pradesh, India	Charminar, Hyderabad, Telangana, India	1348746	73957
Solang Valley, Burwa, Himachal Pradesh, India	Khajuraho Temples, Khajuraho, Madhya Pradesh, India	1194497	71803
Gateway Of India Mumbai, Mumbai, Maharashtra, India	Agra Fort, Agra, Uttar Pradesh, India	1420413	72962
Kodaikanal Lake, Kodaikanal, Tamil Nadu, India	Darjeeling Rangeet Valley Passenger Ropeway, Darjeeling, West Bengal, India	2796381	157333
Humayun's Tomb, New Delhi, Delhi, India	Agra Fort, Agra, Uttar Pradesh, India	203111	8847
Khajuraho Temples, Khajuraho, Madhya Pradesh, India	Amer Fort and Palace, Jaipur, Rajasthan, India	626889	36883
Kanha National Park, Madhya Pradesh, India	India Backwaters, Kochi, Kerala, India	1892768	100007
Swaminarayan Akshardham, New Delhi, Delhi, India	Ajanta Caves, Aurangabad, Maharashtra, India	1207586	63671
Agra Fort, Agra, Uttar Pradesh, India	Ganges, Katesar, Varanasi, Uttar Pradesh, India	610814	31614
Palolem Beach, Goa, India	Golconda Fort, Fort Road, Hyderabad, Telangana, India	709829	44150
Virupaksha Temple, Hampi, Karnataka, India	Kaziranga National Park, Kanchanjuri, Assam, India	2993575	173504
Gandhi Smriti, New Delhi, Delhi, India	Darjeeling Rangeet Valley Passenger Ropeway, Darjeeling, West Bengal, India	1420791	82370
Konark Sun Temple, Konark, Odisha, India	Kodaikanal Lake, Kodaikanal, Tamil Nadu, India	1787428	97309
Konark Sun Temple, Konark, Odisha, India	Ajanta Caves, Aurangabad, Maharashtra, India	1408735	78009
Marina Beach, Chennai, Tamil Nadu, India	Agra Fort, Agra, Uttar Pradesh, India	1977000	106219
Qutub Minar, New Delhi, Delhi, India	Kanha National Park, Madhya Pradesh, India	954278	50915
Itmad-ud-Daula, Agra, Uttar Pradesh, India	Marine Drive, Chowpatty, Mumbai, Maharashtra, India	1421661	73074
Gateway Of India Mumbai, Mumbai, Maharashtra, India	Palolem Beach, Goa, India	642060	38635
Kanha National Park, Madhya Pradesh, India	Palolem Beach, Goa, India	1345508	85123
Marina Beach, Chennai, Tamil Nadu, India	Darjeeling Rangeet Valley Passenger Ropeway, Darjeeling, West Bengal, India	2283266	128775
India Backwaters, Kochi, Kerala, India	Golconda Fort, Fort Road, Hyderabad, Telangana, India	1115374	57660
Jaisalmer Fort, Amar Sagar Pol, Jaisalmer, Rajasthan, India	Jog Falls, Karnataka, India	1773927	91014
Virupaksha Temple, Hampi, Karnataka, India	Maharajah's Palace, Mysore, Karnataka, India	396938	26594
Jog Falls, Karnataka, India	Kodaikanal Lake, Kodaikanal, Tamil Nadu, India	699292	48950
Dal Lake, Rainawari, Srinagar	India Backwaters, Kochi, Kerala, India	3526416	195390
Solang Valley, Burwa, Himachal Pradesh, India	Ajanta Caves, Aurangabad, Maharashtra, India	1766656	98874
Virupaksha Temple, Hampi, Karnataka, India	Red Fort, Netaji Subhash Marg, Chandni Chowk, New Delhi, Delhi, India	1880208	102297
Gateway Of India Mumbai, Mumbai, Maharashtra, India	Golconda Fort, Fort Road, Hyderabad, Telangana, India	726381	41795
Humayun's Tomb, New Delhi, Delhi, India	Jog Falls, Karnataka, India	2010972	108467
Jog Falls, Karnataka, India	Charminar, Hyderabad, Telangana, India	661152	41371
Swaminarayan Akshardham, New Delhi, Delhi, India	Konark Sun Temple, Konark, Odisha, India	1693539	91269
Amer Fort and Palace, Jaipur, Rajasthan, India	Golconda Fort, Fort Road, Hyderabad, Telangana, India	1499397	84319
Gandhi Smriti, New Delhi, Delhi, India	Jaisalmer Fort, Amar Sagar Pol, Jaisalmer, Rajasthan, India	773159	41692
Humayun's Tomb, New Delhi, Delhi, India	Gateway Of India Mumbai, Mumbai, Maharashtra, India	1458877	72239
Golden Temple, Amritsar, Punjab, India	Kodaikanal Lake, Kodaikanal, Tamil Nadu, India	3059434	160802
Qutub Minar, New Delhi, Delhi, India	Charminar, Hyderabad, Telangana, India	1557586	83031
Jaisalmer Fort, Amar Sagar Pol, Jaisalmer, Rajasthan, India	Taj Mahal, Agra, Uttar Pradesh, India	815177	44427
Jaisalmer Fort, Amar Sagar Pol, Jaisalmer, Rajasthan, India	Amer Fort and Palace, Jaipur, Rajasthan, India	562962	31318
Gateway Of India Mumbai, Mumbai, Maharashtra, India	Jog Falls, Karnataka, India	746869	39365
Marina Beach, Chennai, Tamil Nadu, India	Jog Falls, Karnataka, India	759918	40847
Palolem Beach, Goa, India	Mehrangarh Fort, Jodhpur, Rajasthan, India	1586078	87497
Konark Sun Temple, Konark, Odisha, India	India Backwaters, Kochi, Kerala, India	1909269	105160
India Backwaters, Kochi, Kerala, India	Sabarmati Ashram, Ahmedabad, Gujarat, India	2047067	102418
Khajuraho Temples, Khajuraho, Madhya Pradesh, India	Ganges, Katesar, Varanasi, Uttar Pradesh, India	459913	27049
Konark Sun Temple, Konark, Odisha, India	Mehrangarh Fort, Jodhpur, Rajasthan, India	2029757	113906
Hawa Mahal, Hawa Mahal Road, Badi Choupad, Pink City, Jaipur, Rajasthan, India	Mani Bhavan Gandhi Sanghralaya, Laburnum Road, Papanas Wadi, Mumbai, Maharashtra, India	1201121	58665
Marine Drive, Chowpatty, Mumbai, Maharashtra, India	Sabarmati Ashram, Ahmedabad, Gujarat, India	542702	26902
Gateway Of India Mumbai, Mumbai, Maharashtra, India	Sabarmati Ashram, Ahmedabad, Gujarat, India	546048	27366
Palace Of Maharana Pratap, Udaipur, Rajasthan, India	Charminar, Hyderabad, Telangana, India	1182954	72682
Gateway Of India Mumbai, Mumbai, Maharashtra, India	Red Fort, Netaji Subhash Marg, Chandni Chowk, New Delhi, Delhi, India	1466834	72337
Gandhi Smriti, New Delhi, Delhi, India	Konark Sun Temple, Konark, Odisha, India	1698645	91630
Golden Temple, Amritsar, Punjab, India	Qutub Minar, New Delhi, Delhi, India	471328	27637
Golden Temple, Amritsar, Punjab, India	Ganges, Katesar, Varanasi, Uttar Pradesh, India	1255000	64990
Hawa Mahal, Hawa Mahal Road, Badi Choupad, Pink City, Jaipur, Rajasthan, India	Gateway Of India Mumbai, Mumbai, Maharashtra, India	1207112	59205
Khajuraho Temples, Khajuraho, Madhya Pradesh, India	Charminar, Hyderabad, Telangana, India	1056395	60819
Gateway Of India Mumbai, Mumbai, Maharashtra, India	Khajuraho Temples, Khajuraho, Madhya Pradesh, India	1163500	65229
Hawa Mahal, Hawa Mahal Road, Badi Choupad, Pink City, Jaipur, Rajasthan, India	Mehrangarh Fort, Jodhpur, Rajasthan, India	339126	18391
Qutub Minar, New Delhi, Delhi, India	Sabarmati Ashram, Ahmedabad, Gujarat, India	920780	45296
Mehrangarh Fort, Jodhpur, Rajasthan, India	Darjeeling Rangeet Valley Passenger Ropeway, Darjeeling, West Bengal, India	1887081	106632
Solang Valley, Burwa, Himachal Pradesh, India	Palace Of Maharana Pratap, Udaipur, Rajasthan, India	1243529	69139
Amer Fort and Palace, Jaipur, Rajasthan, India	Taj Mahal, Agra, Uttar Pradesh, India	250435	14723
Jaisalmer Fort, Amar Sagar Pol, Jaisalmer, Rajasthan, India	Dal Lake, Rainawari, Srinagar	1306615	77741
Itmad-ud-Daula, Agra, Uttar Pradesh, India	Darjeeling Rangeet Valley Passenger Ropeway, Darjeeling, West Bengal, India	1314799	75210
Itmad-ud-Daula, Agra, Uttar Pradesh, India	Mani Bhavan Gandhi Sanghralaya, Laburnum Road, Papanas Wadi, Mumbai, Maharashtra, India	1420151	72734
Jaisalmer Fort, Amar Sagar Pol, Jaisalmer, Rajasthan, India	Golconda Fort, Fort Road, Hyderabad, Telangana, India	1740065	92295
Kaziranga National Park, Kanchanjuri, Assam, India	Marine Drive, Chowpatty, Mumbai, Maharashtra, India	2814182	162690
Marina Beach, Chennai, Tamil Nadu, India	Charminar, Hyderabad, Telangana, India	629497	33885
Qutub Minar, New Delhi, Delhi, India	Maharajah's Palace, Mysore, Karnataka, India	2282477	118743
Kanha National Park, Madhya Pradesh, India	Konark Sun Temple, Konark, Odisha, India	844006	49643
Konark Sun Temple, Konark, Odisha, India	Golconda Fort, Fort Road, Hyderabad, Telangana, India	1128031	60681
Gateway Of India Mumbai, Mumbai, Maharashtra, India	Marine Drive, Chowpatty, Mumbai, Maharashtra, India	3537	547
Qutub Minar, New Delhi, Delhi, India	Hawa Mahal, Hawa Mahal Road, Badi Choupad, Pink City, Jaipur, Rajasthan, India	247991	13249
Kodaikanal Lake, Kodaikanal, Tamil Nadu, India	Sabarmati Ashram, Ahmedabad, Gujarat, India	1966427	97688
Amer Fort and Palace, Jaipur, Rajasthan, India	Sabarmati Ashram, Ahmedabad, Gujarat, India	683957	34293
Jaisalmer Fort, Amar Sagar Pol, Jaisalmer, Rajasthan, India	Kanha National Park, Madhya Pradesh, India	1477800	78429
Swaminarayan Akshardham, New Delhi, Delhi, India	Golconda Fort, Fort Road, Hyderabad, Telangana, India	1575930	82421
Marina Beach, Chennai, Tamil Nadu, India	Kaziranga National Park, Kanchanjuri, Assam, India	2804026	159923
Jog Falls, Karnataka, India	Golconda Fort, Fort Road, Hyderabad, Telangana, India	663197	41490
Kanha National Park, Madhya Pradesh, India	Virupaksha Temple, Hampi, Karnataka, India	1154523	65603
Mani Bhavan Gandhi Sanghralaya, Laburnum Road, Papanas Wadi, Mumbai, Maharashtra, India	Ajanta Caves, Aurangabad, Maharashtra, India	472092	26318
Palolem Beach, Goa, India	Sabarmati Ashram, Ahmedabad, Gujarat, India	1142448	62896
Kanha National Park, Madhya Pradesh, India	Hawa Mahal, Hawa Mahal Road, Badi Choupad, Pink City, Jaipur, Rajasthan, India	945321	51507
India Backwaters, Kochi, Kerala, India	Mehrangarh Fort, Jodhpur, Rajasthan, India	2496449	127487
Gandhi Smriti, New Delhi, Delhi, India	Jog Falls, Karnataka, India	2013129	108683
Dal Lake, Rainawari, Srinagar	Konark Sun Temple, Konark, Odisha, India	2532657	147377
Gandhi Smriti, New Delhi, Delhi, India	Mani Bhavan Gandhi Sanghralaya, Laburnum Road, Papanas Wadi, Mumbai, Maharashtra, India	1458712	71471
Red Fort, Netaji Subhash Marg, Chandni Chowk, New Delhi, Delhi, India	Agra Fort, Agra, Uttar Pradesh, India	206918	9131
Gateway Of India Mumbai, Mumbai, Maharashtra, India	Mani Bhavan Gandhi Sanghralaya, Laburnum Road, Papanas Wadi, Mumbai, Maharashtra, India	5967	806
India Backwaters, Kochi, Kerala, India	Charminar, Hyderabad, Telangana, India	1111900	58201
Gateway Of India Mumbai, Mumbai, Maharashtra, India	India Backwaters, Kochi, Kerala, India	1546871	78058
Palace Of Maharana Pratap, Udaipur, Rajasthan, India	Red Fort, Netaji Subhash Marg, Chandni Chowk, New Delhi, Delhi, India	683044	33864
Marina Beach, Chennai, Tamil Nadu, India	Konark Sun Temple, Konark, Odisha, India	1274271	69554
Dal Lake, Rainawari, Srinagar	Kaziranga National Park, Kanchanjuri, Assam, India	2742151	168690
Solang Valley, Burwa, Himachal Pradesh, India	Mehrangarh Fort, Jodhpur, Rajasthan, India	999946	65482
Golden Temple, Amritsar, Punjab, India	Dal Lake, Rainawari, Srinagar	469520	34791
Mani Bhavan Gandhi Sanghralaya, Laburnum Road, Papanas Wadi, Mumbai, Maharashtra, India	Marine Drive, Chowpatty, Mumbai, Maharashtra, India	3533	636
Itmad-ud-Daula, Agra, Uttar Pradesh, India	Khajuraho Temples, Khajuraho, Madhya Pradesh, India	419680	26641
Gandhi Smriti, New Delhi, Delhi, India	Marine Drive, Chowpatty, Mumbai, Maharashtra, India	1460411	72381
Itmad-ud-Daula, Agra, Uttar Pradesh, India	Red Fort, Netaji Subhash Marg, Chandni Chowk, New Delhi, Delhi, India	204307	8871
Solang Valley, Burwa, Himachal Pradesh, India	Marine Drive, Chowpatty, Mumbai, Maharashtra, India	2023973	107147
Palolem Beach, Goa, India	Charminar, Hyderabad, Telangana, India	708067	43849
Humayun's Tomb, New Delhi, Delhi, India	Jaisalmer Fort, Amar Sagar Pol, Jaisalmer, Rajasthan, India	772298	41627
Golconda Fort, Fort Road, Hyderabad, Telangana, India	Sabarmati Ashram, Ahmedabad, Gujarat, India	1141123	66258
Mani Bhavan Gandhi Sanghralaya, Laburnum Road, Papanas Wadi, Mumbai, Maharashtra, India	Maharajah's Palace, Mysore, Karnataka, India	1048862	54496
Gandhi Smriti, New Delhi, Delhi, India	Marina Beach, Chennai, Tamil Nadu, India	2181726	114977
Virupaksha Temple, Hampi, Karnataka, India	Jog Falls, Karnataka, India	290681	20660
Palolem Beach, Goa, India	Ganges, Katesar, Varanasi, Uttar Pradesh, India	1826286	117769
Palace Of Maharana Pratap, Udaipur, Rajasthan, India	India Backwaters, Kochi, Kerala, India	2288992	114701
Mehrangarh Fort, Jodhpur, Rajasthan, India	Taj Mahal, Agra, Uttar Pradesh, India	577251	32306
India Backwaters, Kochi, Kerala, India	Agra Fort, Agra, Uttar Pradesh, India	2481134	130196
Palace Of Maharana Pratap, Udaipur, Rajasthan, India	Mehrangarh Fort, Jodhpur, Rajasthan, India	259004	15591
Virupaksha Temple, Hampi, Karnataka, India	Amer Fort and Palace, Jaipur, Rajasthan, India	1624987	90609
Maharajah's Palace, Mysore, Karnataka, India	Jog Falls, Karnataka, India	345120	22302
Konark Sun Temple, Konark, Odisha, India	Red Fort, Netaji Subhash Marg, Chandni Chowk, New Delhi, Delhi, India	1700243	91796
Gandhi Smriti, New Delhi, Delhi, India	Dal Lake, Rainawari, Srinagar	854880	55924
Jaisalmer Fort, Amar Sagar Pol, Jaisalmer, Rajasthan, India	Kaziranga National Park, Kanchanjuri, Assam, India	2625689	150064
Mani Bhavan Gandhi Sanghralaya, Laburnum Road, Papanas Wadi, Mumbai, Maharashtra, India	Khajuraho Temples, Khajuraho, Madhya Pradesh, India	1163425	65482
Golden Temple, Amritsar, Punjab, India	Hawa Mahal, Hawa Mahal Road, Badi Choupad, Pink City, Jaipur, Rajasthan, India	625958	36997
Swaminarayan Akshardham, New Delhi, Delhi, India	Jog Falls, Karnataka, India	2015166	108789
Qutub Minar, New Delhi, Delhi, India	Gateway Of India Mumbai, Mumbai, Maharashtra, India	1446676	71621
Gandhi Smriti, New Delhi, Delhi, India	Kodaikanal Lake, Kodaikanal, Tamil Nadu, India	2604025	134468
Itmad-ud-Daula, Agra, Uttar Pradesh, India	Taj Mahal, Agra, Uttar Pradesh, India	9002	1214
Palace Of Maharana Pratap, Udaipur, Rajasthan, India	Palolem Beach, Goa, India	1378621	74711
Itmad-ud-Daula, Agra, Uttar Pradesh, India	Mehrangarh Fort, Jodhpur, Rajasthan, India	572275	31681
Amer Fort and Palace, Jaipur, Rajasthan, India	Ganges, Katesar, Varanasi, Uttar Pradesh, India	850645	45172
Sabarmati Ashram, Ahmedabad, Gujarat, India	Charminar, Hyderabad, Telangana, India	1153195	67144
India Backwaters, Kochi, Kerala, India	Ganges, Katesar, Varanasi, Uttar Pradesh, India	2373546	132653
Qutub Minar, New Delhi, Delhi, India	Golconda Fort, Fort Road, Hyderabad, Telangana, India	1587074	83336
Darjeeling Rangeet Valley Passenger Ropeway, Darjeeling, West Bengal, India	Ganges, Katesar, Varanasi, Uttar Pradesh, India	789375	48661
Hawa Mahal, Hawa Mahal Road, Badi Choupad, Pink City, Jaipur, Rajasthan, India	Konark Sun Temple, Konark, Odisha, India	1742747	97749
Mehrangarh Fort, Jodhpur, Rajasthan, India	Sabarmati Ashram, Ahmedabad, Gujarat, India	446084	24719
Golden Temple, Amritsar, Punjab, India	Maharajah's Palace, Mysore, Karnataka, India	2648519	141958
Maharajah's Palace, Mysore, Karnataka, India	Kaziranga National Park, Kanchanjuri, Assam, India	3153417	183346
Jaisalmer Fort, Amar Sagar Pol, Jaisalmer, Rajasthan, India	Maharajah's Palace, Mysore, Karnataka, India	2079075	106089
Golden Temple, Amritsar, Punjab, India	Ajanta Caves, Aurangabad, Maharashtra, India	1534906	82247
Khajuraho Temples, Khajuraho, Madhya Pradesh, India	Maharajah's Palace, Mysore, Karnataka, India	1792780	96057
Hawa Mahal, Hawa Mahal Road, Badi Choupad, Pink City, Jaipur, Rajasthan, India	Maharajah's Palace, Mysore, Karnataka, India	2063015	110080
Golden Temple, Amritsar, Punjab, India	Sabarmati Ashram, Ahmedabad, Gujarat, India	1264495	64813
Maharajah's Palace, Mysore, Karnataka, India	Red Fort, Netaji Subhash Marg, Chandni Chowk, New Delhi, Delhi, India	2278913	118355
Konark Sun Temple, Konark, Odisha, India	Kaziranga National Park, Kanchanjuri, Assam, India	1628259	96984
Agra Fort, Agra, Uttar Pradesh, India	Darjeeling Rangeet Valley Passenger Ropeway, Darjeeling, West Bengal, India	1317410	75469
Virupaksha Temple, Hampi, Karnataka, India	Golconda Fort, Fort Road, Hyderabad, Telangana, India	375768	23926
Solang Valley, Burwa, Himachal Pradesh, India	Kodaikanal Lake, Kodaikanal, Tamil Nadu, India	3151471	172730
Palace Of Maharana Pratap, Udaipur, Rajasthan, India	Darjeeling Rangeet Valley Passenger Ropeway, Darjeeling, West Bengal, India	1869011	103999
Golden Temple, Amritsar, Punjab, India	Kaziranga National Park, Kanchanjuri, Assam, India	2363547	139278
Mani Bhavan Gandhi Sanghralaya, Laburnum Road, Papanas Wadi, Mumbai, Maharashtra, India	Golconda Fort, Fort Road, Hyderabad, Telangana, India	712556	40709
Jog Falls, Karnataka, India	Sabarmati Ashram, Ahmedabad, Gujarat, India	1244077	63294
Jaisalmer Fort, Amar Sagar Pol, Jaisalmer, Rajasthan, India	Mani Bhavan Gandhi Sanghralaya, Laburnum Road, Papanas Wadi, Mumbai, Maharashtra, India	1070000	54312
Marina Beach, Chennai, Tamil Nadu, India	Ganges, Katesar, Varanasi, Uttar Pradesh, India	1868992	106842
Mehrangarh Fort, Jodhpur, Rajasthan, India	Kaziranga National Park, Kanchanjuri, Assam, India	2407435	138337
Virupaksha Temple, Hampi, Karnataka, India	Ganges, Katesar, Varanasi, Uttar Pradesh, India	1635301	98249
Swaminarayan Akshardham, New Delhi, Delhi, India	Mehrangarh Fort, Jodhpur, Rajasthan, India	600933	31487
Palace Of Maharana Pratap, Udaipur, Rajasthan, India	Marina Beach, Chennai, Tamil Nadu, India	2091208	102074
Golden Temple, Amritsar, Punjab, India	Humayun's Tomb, New Delhi, Delhi, India	464813	27094
Golden Temple, Amritsar, Punjab, India	Charminar, Hyderabad, Telangana, India	2006956	108812
Swaminarayan Akshardham, New Delhi, Delhi, India	Amer Fort and Palace, Jaipur, Rajasthan, India	257179	13809
Marina Beach, Chennai, Tamil Nadu, India	Khajuraho Temples, Khajuraho, Madhya Pradesh, India	1686573	93318
Palace Of Maharana Pratap, Udaipur, Rajasthan, India	Ganges, Katesar, Varanasi, Uttar Pradesh, India	1135807	59910
Maharajah's Palace, Mysore, Karnataka, India	Golconda Fort, Fort Road, Hyderabad, Telangana, India	717417	36412
Marina Beach, Chennai, Tamil Nadu, India	Itmad-ud-Daula, Agra, Uttar Pradesh, India	1978924	106456
Solang Valley, Burwa, Himachal Pradesh, India	Humayun's Tomb, New Delhi, Delhi, India	566698	38743
Solang Valley, Burwa, Himachal Pradesh, India	Kanha National Park, Madhya Pradesh, India	1506185	88014
Humayun's Tomb, New Delhi, Delhi, India	Red Fort, Netaji Subhash Marg, Chandni Chowk, New Delhi, Delhi, India	10015	1241
Gateway Of India Mumbai, Mumbai, Maharashtra, India	Virupaksha Temple, Hampi, Karnataka, India	752432	40162
Humayun's Tomb, New Delhi, Delhi, India	Khajuraho Temples, Khajuraho, Madhya Pradesh, India	634023	34037
Solang Valley, Burwa, Himachal Pradesh, India	Darjeeling Rangeet Valley Passenger Ropeway, Darjeeling, West Bengal, India	1962158	119825
Palace Of Maharana Pratap, Udaipur, Rajasthan, India	Kodaikanal Lake, Kodaikanal, Tamil Nadu, India	2207157	110214
Qutub Minar, New Delhi, Delhi, India	Marina Beach, Chennai, Tamil Nadu, India	2187765	115530
Itmad-ud-Daula, Agra, Uttar Pradesh, India	Palolem Beach, Goa, India	1677751	108940
Ganges, Katesar, Varanasi, Uttar Pradesh, India	Charminar, Hyderabad, Telangana, India	1238813	74343
Golconda Fort, Fort Road, Hyderabad, Telangana, India	Taj Mahal, Agra, Uttar Pradesh, India	1378242	74437
Virupaksha Temple, Hampi, Karnataka, India	Marine Drive, Chowpatty, Mumbai, Maharashtra, India	749085	39745
Gandhi Smriti, New Delhi, Delhi, India	Kaziranga National Park, Kanchanjuri, Assam, India	1941145	114075
Khajuraho Temples, Khajuraho, Madhya Pradesh, India	Golconda Fort, Fort Road, Hyderabad, Telangana, India	1085882	61123
Virupaksha Temple, Hampi, Karnataka, India	Kodaikanal Lake, Kodaikanal, Tamil Nadu, India	813719	45959
Solang Valley, Burwa, Himachal Pradesh, India	Sabarmati Ashram, Ahmedabad, Gujarat, India	1497651	81682
Golden Temple, Amritsar, Punjab, India	Golconda Fort, Fort Road, Hyderabad, Telangana, India	2002474	109324
Itmad-ud-Daula, Agra, Uttar Pradesh, India	Amer Fort and Palace, Jaipur, Rajasthan, India	242436	14075
Golconda Fort, Fort Road, Hyderabad, Telangana, India	Kaziranga National Park, Kanchanjuri, Assam, India	2657338	152399
Agra Fort, Agra, Uttar Pradesh, India	Sabarmati Ashram, Ahmedabad, Gujarat, India	894518	46636
Jaisalmer Fort, Amar Sagar Pol, Jaisalmer, Rajasthan, India	Palace Of Maharana Pratap, Udaipur, Rajasthan, India	502912	27647
Hawa Mahal, Hawa Mahal Road, Badi Choupad, Pink City, Jaipur, Rajasthan, India	Ganges, Katesar, Varanasi, Uttar Pradesh, India	842321	44130
Itmad-ud-Daula, Agra, Uttar Pradesh, India	Agra Fort, Agra, Uttar Pradesh, India	3985	450
Dal Lake, Rainawari, Srinagar	Maharajah's Palace, Mysore, Karnataka, India	3129884	173767
Jog Falls, Karnataka, India	Mehrangarh Fort, Jodhpur, Rajasthan, India	1690887	88227
Palolem Beach, Goa, India	Ajanta Caves, Aurangabad, Maharashtra, India	788673	52186
Mani Bhavan Gandhi Sanghralaya, Laburnum Road, Papanas Wadi, Mumbai, Maharashtra, India	Sabarmati Ashram, Ahmedabad, Gujarat, India	540057	26826
Mani Bhavan Gandhi Sanghralaya, Laburnum Road, Papanas Wadi, Mumbai, Maharashtra, India	Jog Falls, Karnataka, India	746418	39428
Swaminarayan Akshardham, New Delhi, Delhi, India	Dal Lake, Rainawari, Srinagar	858936	56272
Kanha National Park, Madhya Pradesh, India	Red Fort, Netaji Subhash Marg, Chandni Chowk, New Delhi, Delhi, India	949518	50532
Amer Fort and Palace, Jaipur, Rajasthan, India	Ajanta Caves, Aurangabad, Maharashtra, India	954368	51727
Jaisalmer Fort, Amar Sagar Pol, Jaisalmer, Rajasthan, India	Ganges, Katesar, Varanasi, Uttar Pradesh, India	1398740	74505
Ajanta Caves, Aurangabad, Maharashtra, India	Mehrangarh Fort, Jodhpur, Rajasthan, India	937047	53082
Humayun's Tomb, New Delhi, Delhi, India	Golconda Fort, Fort Road, Hyderabad, Telangana, India	1579096	82727
Kodaikanal Lake, Kodaikanal, Tamil Nadu, India	Charminar, Hyderabad, Telangana, India	1031399	53340
Golconda Fort, Fort Road, Hyderabad, Telangana, India	Charminar, Hyderabad, Telangana, India	8167	1212
Gateway Of India Mumbai, Mumbai, Maharashtra, India	Ajanta Caves, Aurangabad, Maharashtra, India	453489	26774
Hawa Mahal, Hawa Mahal Road, Badi Choupad, Pink City, Jaipur, Rajasthan, India	Darjeeling Rangeet Valley Passenger Ropeway, Darjeeling, West Bengal, India	1550290	88629
Khajuraho Temples, Khajuraho, Madhya Pradesh, India	Taj Mahal, Agra, Uttar Pradesh, India	414502	26811
Palolem Beach, Goa, India	Kaziranga National Park, Kanchanjuri, Assam, India	3327988	193555
India Backwaters, Kochi, Kerala, India	Ajanta Caves, Aurangabad, Maharashtra, India	1566687	91247
Dal Lake, Rainawari, Srinagar	Mehrangarh Fort, Jodhpur, Rajasthan, India	1225407	76441
Qutub Minar, New Delhi, Delhi, India	India Backwaters, Kochi, Kerala, India	2691899	139508
Qutub Minar, New Delhi, Delhi, India	Mani Bhavan Gandhi Sanghralaya, Laburnum Road, Papanas Wadi, Mumbai, Maharashtra, India	1444542	71208
Agra Fort, Agra, Uttar Pradesh, India	Mehrangarh Fort, Jodhpur, Rajasthan, India	572851	31575
Qutub Minar, New Delhi, Delhi, India	Jog Falls, Karnataka, India	1998771	107849
Gandhi Smriti, New Delhi, Delhi, India	Maharajah's Palace, Mysore, Karnataka, India	2276855	118076
Kanha National Park, Madhya Pradesh, India	Itmad-ud-Daula, Agra, Uttar Pradesh, India	745438	41840
Khajuraho Temples, Khajuraho, Madhya Pradesh, India	Jog Falls, Karnataka, India	1727410	100220
Solang Valley, Burwa, Himachal Pradesh, India	Agra Fort, Agra, Uttar Pradesh, India	763585	46612
Hawa Mahal, Hawa Mahal Road, Badi Choupad, Pink City, Jaipur, Rajasthan, India	Jog Falls, Karnataka, India	1757960	94772
Ajanta Caves, Aurangabad, Maharashtra, India	Taj Mahal, Agra, Uttar Pradesh, India	915076	62970
Amer Fort and Palace, Jaipur, Rajasthan, India	Maharajah's Palace, Mysore, Karnataka, India	2067066	112576
Kodaikanal Lake, Kodaikanal, Tamil Nadu, India	Marine Drive, Chowpatty, Mumbai, Maharashtra, India	1471328	74287
Jaisalmer Fort, Amar Sagar Pol, Jaisalmer, Rajasthan, India	Swaminarayan Akshardham, New Delhi, Delhi, India	776492	41950
Gateway Of India Mumbai, Mumbai, Maharashtra, India	Taj Mahal, Agra, Uttar Pradesh, India	1425211	73638
Taj Mahal, Agra, Uttar Pradesh, India	Charminar, Hyderabad, Telangana, India	1348754	74132
Maharajah's Palace, Mysore, Karnataka, India	Mehrangarh Fort, Jodhpur, Rajasthan, India	1996005	103957
Kaziranga National Park, Kanchanjuri, Assam, India	Ganges, Katesar, Varanasi, Uttar Pradesh, India	1309729	80355
Solang Valley, Burwa, Himachal Pradesh, India	Hawa Mahal, Hawa Mahal Road, Badi Choupad, Pink City, Jaipur, Rajasthan, India	823488	49717
Swaminarayan Akshardham, New Delhi, Delhi, India	Ganges, Katesar, Varanasi, Uttar Pradesh, India	794486	38295
Ajanta Caves, Aurangabad, Maharashtra, India	Agra Fort, Agra, Uttar Pradesh, India	913143	62558
Golden Temple, Amritsar, Punjab, India	Itmad-ud-Daula, Agra, Uttar Pradesh, India	659089	34704
Marine Drive, Chowpatty, Mumbai, Maharashtra, India	Taj Mahal, Agra, Uttar Pradesh, India	1424588	73564
Konark Sun Temple, Konark, Odisha, India	Ganges, Katesar, Varanasi, Uttar Pradesh, India	1020895	56294
Virupaksha Temple, Hampi, Karnataka, India	Mani Bhavan Gandhi Sanghralaya, Laburnum Road, Papanas Wadi, Mumbai, Maharashtra, India	751981	40225
Golden Temple, Amritsar, Punjab, India	Red Fort, Netaji Subhash Marg, Chandni Chowk, New Delhi, Delhi, India	456243	26818
Jaisalmer Fort, Amar Sagar Pol, Jaisalmer, Rajasthan, India	Virupaksha Temple, Hampi, Karnataka, India	1779490	91811
Hawa Mahal, Hawa Mahal Road, Badi Choupad, Pink City, Jaipur, Rajasthan, India	Charminar, Hyderabad, Telangana, India	1460028	83355
Palolem Beach, Goa, India	Marine Drive, Chowpatty, Mumbai, Maharashtra, India	642122	38569
Gateway Of India Mumbai, Mumbai, Maharashtra, India	Ganges, Katesar, Varanasi, Uttar Pradesh, India	1556885	85869
Maharajah's Palace, Mysore, Karnataka, India	Ajanta Caves, Aurangabad, Maharashtra, India	1068751	67432
Solang Valley, Burwa, Himachal Pradesh, India	Jaisalmer Fort, Amar Sagar Pol, Jaisalmer, Rajasthan, India	1148871	68734
Konark Sun Temple, Konark, Odisha, India	Jog Falls, Karnataka, India	1751766	99360
Gandhi Smriti, New Delhi, Delhi, India	Agra Fort, Agra, Uttar Pradesh, India	204860	8852
Konark Sun Temple, Konark, Odisha, India	Khajuraho Temples, Khajuraho, Madhya Pradesh, India	1155786	69024
Hawa Mahal, Hawa Mahal Road, Badi Choupad, Pink City, Jaipur, Rajasthan, India	Swaminarayan Akshardham, New Delhi, Delhi, India	264386	14189
Taj Mahal, Agra, Uttar Pradesh, India	Sabarmati Ashram, Ahmedabad, Gujarat, India	899316	47313
Solang Valley, Burwa, Himachal Pradesh, India	Konark Sun Temple, Konark, Odisha, India	2257870	129379
Golden Temple, Amritsar, Punjab, India	Darjeeling Rangeet Valley Passenger Ropeway, Darjeeling, West Bengal, India	1843194	107573
Kanha National Park, Madhya Pradesh, India	Darjeeling Rangeet Valley Passenger Ropeway, Darjeeling, West Bengal, India	1302468	83217
Mani Bhavan Gandhi Sanghralaya, Laburnum Road, Papanas Wadi, Mumbai, Maharashtra, India	India Backwaters, Kochi, Kerala, India	1551980	78688
Hawa Mahal, Hawa Mahal Road, Badi Choupad, Pink City, Jaipur, Rajasthan, India	Itmad-ud-Daula, Agra, Uttar Pradesh, India	240088	13732
Swaminarayan Akshardham, New Delhi, Delhi, India	Kaziranga National Park, Kanchanjuri, Assam, India	1936039	113714
Golden Temple, Amritsar, Punjab, India	Swaminarayan Akshardham, New Delhi, Delhi, India	462747	26693
Ajanta Caves, Aurangabad, Maharashtra, India	Kodaikanal Lake, Kodaikanal, Tamil Nadu, India	1482171	87093
Humayun's Tomb, New Delhi, Delhi, India	Amer Fort and Palace, Jaipur, Rajasthan, India	250524	13443
Humayun's Tomb, New Delhi, Delhi, India	Kodaikanal Lake, Kodaikanal, Tamil Nadu, India	2602086	134412
Gateway Of India Mumbai, Mumbai, Maharashtra, India	Kodaikanal Lake, Kodaikanal, Tamil Nadu, India	1470596	74138
Hawa Mahal, Hawa Mahal Road, Badi Choupad, Pink City, Jaipur, Rajasthan, India	Agra Fort, Agra, Uttar Pradesh, India	238216	13546
Kanha National Park, Madhya Pradesh, India	Gateway Of India Mumbai, Mumbai, Maharashtra, India	1110957	62541
Mani Bhavan Gandhi Sanghralaya, Laburnum Road, Papanas Wadi, Mumbai, Maharashtra, India	Kodaikanal Lake, Kodaikanal, Tamil Nadu, India	1470145	74201
Red Fort, Netaji Subhash Marg, Chandni Chowk, New Delhi, Delhi, India	Darjeeling Rangeet Valley Passenger Ropeway, Darjeeling, West Bengal, India	1422389	82536
Dal Lake, Rainawari, Srinagar	Palolem Beach, Goa, India	2710609	160712
Golconda Fort, Fort Road, Hyderabad, Telangana, India	Marine Drive, Chowpatty, Mumbai, Maharashtra, India	726251	41828
Hawa Mahal, Hawa Mahal Road, Badi Choupad, Pink City, Jaipur, Rajasthan, India	Taj Mahal, Agra, Uttar Pradesh, India	243014	14222
Jog Falls, Karnataka, India	Ajanta Caves, Aurangabad, Maharashtra, India	893483	52917
Amer Fort and Palace, Jaipur, Rajasthan, India	Kaziranga National Park, Kanchanjuri, Assam, India	2077595	120731
Kanha National Park, Madhya Pradesh, India	Marina Beach, Chennai, Tamil Nadu, India	1388836	75542
Gandhi Smriti, New Delhi, Delhi, India	Golconda Fort, Fort Road, Hyderabad, Telangana, India	1545635	83212
Marina Beach, Chennai, Tamil Nadu, India	Dal Lake, Rainawari, Srinagar	3015738	170724
Kanha National Park, Madhya Pradesh, India	Ganges, Katesar, Varanasi, Uttar Pradesh, India	526668	37873
Maharajah's Palace, Mysore, Karnataka, India	Ganges, Katesar, Varanasi, Uttar Pradesh, India	1977015	111030
Konark Sun Temple, Konark, Odisha, India	Mani Bhavan Gandhi Sanghralaya, Laburnum Road, Papanas Wadi, Mumbai, Maharashtra, India	1813066	98506
Agra Fort, Agra, Uttar Pradesh, India	Kaziranga National Park, Kanchanjuri, Assam, India	1837763	107174
Red Fort, Netaji Subhash Marg, Chandni Chowk, New Delhi, Delhi, India	Ganges, Katesar, Varanasi, Uttar Pradesh, India	800951	38295
Qutub Minar, New Delhi, Delhi, India	Kodaikanal Lake, Kodaikanal, Tamil Nadu, India	2610064	135021
Marina Beach, Chennai, Tamil Nadu, India	India Backwaters, Kochi, Kerala, India	688007	38962
India Backwaters, Kochi, Kerala, India	Kaziranga National Park, Kanchanjuri, Assam, India	3438576	196877
Jaisalmer Fort, Amar Sagar Pol, Jaisalmer, Rajasthan, India	India Backwaters, Kochi, Kerala, India	2579489	130274
Red Fort, Netaji Subhash Marg, Chandni Chowk, New Delhi, Delhi, India	Sabarmati Ashram, Ahmedabad, Gujarat, India	934989	46240
Swaminarayan Akshardham, New Delhi, Delhi, India	Mani Bhavan Gandhi Sanghralaya, Laburnum Road, Papanas Wadi, Mumbai, Maharashtra, India	1460937	72147
Hawa Mahal, Hawa Mahal Road, Badi Choupad, Pink City, Jaipur, Rajasthan, India	India Backwaters, Kochi, Kerala, India	2560950	133895
Kanha National Park, Madhya Pradesh, India	Kodaikanal Lake, Kodaikanal, Tamil Nadu, India	1811135	95032
Gandhi Smriti, New Delhi, Delhi, India	Swaminarayan Akshardham, New Delhi, Delhi, India	5907	582
Mani Bhavan Gandhi Sanghralaya, Laburnum Road, Papanas Wadi, Mumbai, Maharashtra, India	Red Fort, Netaji Subhash Marg, Chandni Chowk, New Delhi, Delhi, India	1460843	71797
Dal Lake, Rainawari, Srinagar	Ganges, Katesar, Varanasi, Uttar Pradesh, India	1651922	93707
Humayun's Tomb, New Delhi, Delhi, India	Virupaksha Temple, Hampi, Karnataka, India	1874011	102231
Gateway Of India Mumbai, Mumbai, Maharashtra, India	Darjeeling Rangeet Valley Passenger Ropeway, Darjeeling, West Bengal, India	2293097	130836
Qutub Minar, New Delhi, Delhi, India	Swaminarayan Akshardham, New Delhi, Delhi, India	18308	1874
Itmad-ud-Daula, Agra, Uttar Pradesh, India	Kaziranga National Park, Kanchanjuri, Assam, India	1835152	106915
Khajuraho Temples, Khajuraho, Madhya Pradesh, India	Kodaikanal Lake, Kodaikanal, Tamil Nadu, India	2108872	112808
Khajuraho Temples, Khajuraho, Madhya Pradesh, India	Marine Drive, Chowpatty, Mumbai, Maharashtra, India	1163370	65261
Hawa Mahal, Hawa Mahal Road, Badi Choupad, Pink City, Jaipur, Rajasthan, India	Amer Fort and Palace, Jaipur, Rajasthan, India	8113	877
Qutub Minar, New Delhi, Delhi, India	Konark Sun Temple, Konark, Odisha, India	1704683	92184
Gandhi Smriti, New Delhi, Delhi, India	Palolem Beach, Goa, India	1908320	107953
Jaisalmer Fort, Amar Sagar Pol, Jaisalmer, Rajasthan, India	Palolem Beach, Goa, India	1669118	90284
Red Fort, Netaji Subhash Marg, Chandni Chowk, New Delhi, Delhi, India	Kodaikanal Lake, Kodaikanal, Tamil Nadu, India	2605624	134633
Gateway Of India Mumbai, Mumbai, Maharashtra, India	Konark Sun Temple, Konark, Odisha, India	1813517	98442
Red Fort, Netaji Subhash Marg, Chandni Chowk, New Delhi, Delhi, India	Palolem Beach, Goa, India	1916053	107505
Gandhi Smriti, New Delhi, Delhi, India	Golden Temple, Amritsar, Punjab, India	458690	26345
Khajuraho Temples, Khajuraho, Madhya Pradesh, India	Palolem Beach, Goa, India	1622601	99490
Jaisalmer Fort, Amar Sagar Pol, Jaisalmer, Rajasthan, India	Red Fort, Netaji Subhash Marg, Chandni Chowk, New Delhi, Delhi, India	775290	42018
Solang Valley, Burwa, Himachal Pradesh, India	Palolem Beach, Goa, India	2476538	142779
Gandhi Smriti, New Delhi, Delhi, India	Mehrangarh Fort, Jodhpur, Rajasthan, India	596717	31197
Hawa Mahal, Hawa Mahal Road, Badi Choupad, Pink City, Jaipur, Rajasthan, India	Dal Lake, Rainawari, Srinagar	1101554	67968
Qutub Minar, New Delhi, Delhi, India	Virupaksha Temple, Hampi, Karnataka, India	1861810	101613
Humayun's Tomb, New Delhi, Delhi, India	Itmad-ud-Daula, Agra, Uttar Pradesh, India	200500	8587
Ganges, Katesar, Varanasi, Uttar Pradesh, India	Taj Mahal, Agra, Uttar Pradesh, India	602741	32360
Jog Falls, Karnataka, India	Palolem Beach, Goa, India	187997	13486
Solang Valley, Burwa, Himachal Pradesh, India	Qutub Minar, New Delhi, Delhi, India	573213	39285
Marina Beach, Chennai, Tamil Nadu, India	Taj Mahal, Agra, Uttar Pradesh, India	1978933	106631
Jaisalmer Fort, Amar Sagar Pol, Jaisalmer, Rajasthan, India	Marine Drive, Chowpatty, Mumbai, Maharashtra, India	1071104	54837
Jog Falls, Karnataka, India	Marine Drive, Chowpatty, Mumbai, Maharashtra, India	743751	38967
Ajanta Caves, Aurangabad, Maharashtra, India	Golconda Fort, Fort Road, Hyderabad, Telangana, India	567401	37797
Amer Fort and Palace, Jaipur, Rajasthan, India	Jog Falls, Karnataka, India	1761948	96846
Solang Valley, Burwa, Himachal Pradesh, India	Gateway Of India Mumbai, Mumbai, Maharashtra, India	2027319	107611
Solang Valley, Burwa, Himachal Pradesh, India	India Backwaters, Kochi, Kerala, India	3232111	177460
Qutub Minar, New Delhi, Delhi, India	Jaisalmer Fort, Amar Sagar Pol, Jaisalmer, Rajasthan, India	760096	41010
Gandhi Smriti, New Delhi, Delhi, India	Qutub Minar, New Delhi, Delhi, India	15618	1608
Konark Sun Temple, Konark, Odisha, India	Palolem Beach, Goa, India	1798681	101838
Amer Fort and Palace, Jaipur, Rajasthan, India	Charminar, Hyderabad, Telangana, India	1469910	84014
Agra Fort, Agra, Uttar Pradesh, India	Taj Mahal, Agra, Uttar Pradesh, India	6070	849
Dal Lake, Rainawari, Srinagar	Marine Drive, Chowpatty, Mumbai, Maharashtra, India	2257151	125262
Konark Sun Temple, Konark, Odisha, India	Sabarmati Ashram, Ahmedabad, Gujarat, India	1822010	102648
Jaisalmer Fort, Amar Sagar Pol, Jaisalmer, Rajasthan, India	Kodaikanal Lake, Kodaikanal, Tamil Nadu, India	2497654	125787
Kanha National Park, Madhya Pradesh, India	Agra Fort, Agra, Uttar Pradesh, India	743513	41604
Virupaksha Temple, Hampi, Karnataka, India	Taj Mahal, Agra, Uttar Pradesh, India	1743462	96875
Gandhi Smriti, New Delhi, Delhi, India	Itmad-ud-Daula, Agra, Uttar Pradesh, India	202250	8593
Swaminarayan Akshardham, New Delhi, Delhi, India	Sabarmati Ashram, Ahmedabad, Gujarat, India	937175	46236
Dal Lake, Rainawari, Srinagar	Amer Fort and Palace, Jaipur, Rajasthan, India	1050807	67165
Golden Temple, Amritsar, Punjab, India	Amer Fort and Palace, Jaipur, Rajasthan, India	639717	36293
Golden Temple, Amritsar, Punjab, India	Taj Mahal, Agra, Uttar Pradesh, India	667770	35813
Konark Sun Temple, Konark, Odisha, India	Darjeeling Rangeet Valley Passenger Ropeway, Darjeeling, West Bengal, India	1107499	65836
Qutub Minar, New Delhi, Delhi, India	Agra Fort, Agra, Uttar Pradesh, India	210482	9518
Palolem Beach, Goa, India	Darjeeling Rangeet Valley Passenger Ropeway, Darjeeling, West Bengal, India	2807634	161861
Jaisalmer Fort, Amar Sagar Pol, Jaisalmer, Rajasthan, India	Darjeeling Rangeet Valley Passenger Ropeway, Darjeeling, West Bengal, India	2105335	118359
Palace Of Maharana Pratap, Udaipur, Rajasthan, India	Itmad-ud-Daula, Agra, Uttar Pradesh, India	644085	34389
Dal Lake, Rainawari, Srinagar	Agra Fort, Agra, Uttar Pradesh, India	1057889	64543
Golden Temple, Amritsar, Punjab, India	Agra Fort, Agra, Uttar Pradesh, India	661700	34964
Humayun's Tomb, New Delhi, Delhi, India	Palolem Beach, Goa, India	1906163	107737
Jaisalmer Fort, Amar Sagar Pol, Jaisalmer, Rajasthan, India	Charminar, Hyderabad, Telangana, India	1751577	93128
Qutub Minar, New Delhi, Delhi, India	Taj Mahal, Agra, Uttar Pradesh, India	216552	10367
Palace Of Maharana Pratap, Udaipur, Rajasthan, India	Gateway Of India Mumbai, Mumbai, Maharashtra, India	781231	39338
Qutub Minar, New Delhi, Delhi, India	Amer Fort and Palace, Jaipur, Rajasthan, India	238945	12765
Solang Valley, Burwa, Himachal Pradesh, India	Dal Lake, Rainawari, Srinagar	542784	42851
Gandhi Smriti, New Delhi, Delhi, India	Ajanta Caves, Aurangabad, Maharashtra, India	1205549	63564
Golconda Fort, Fort Road, Hyderabad, Telangana, India	Kodaikanal Lake, Kodaikanal, Tamil Nadu, India	1033538	53173
Itmad-ud-Daula, Agra, Uttar Pradesh, India	Jog Falls, Karnataka, India	1782560	109670
Swaminarayan Akshardham, New Delhi, Delhi, India	Darjeeling Rangeet Valley Passenger Ropeway, Darjeeling, West Bengal, India	1415685	82009
Itmad-ud-Daula, Agra, Uttar Pradesh, India	Sabarmati Ashram, Ahmedabad, Gujarat, India	896389	46823
Khajuraho Temples, Khajuraho, Madhya Pradesh, India	Ajanta Caves, Aurangabad, Maharashtra, India	813386	52230
Humayun's Tomb, New Delhi, Delhi, India	Hawa Mahal, Hawa Mahal Road, Badi Choupad, Pink City, Jaipur, Rajasthan, India	260193	13867
Qutub Minar, New Delhi, Delhi, India	Dal Lake, Rainawari, Srinagar	867517	57216
Agra Fort, Agra, Uttar Pradesh, India	Kodaikanal Lake, Kodaikanal, Tamil Nadu, India	2399299	125709
Palace Of Maharana Pratap, Udaipur, Rajasthan, India	Mani Bhavan Gandhi Sanghralaya, Laburnum Road, Papanas Wadi, Mumbai, Maharashtra, India	779652	38425
Red Fort, Netaji Subhash Marg, Chandni Chowk, New Delhi, Delhi, India	Mehrangarh Fort, Jodhpur, Rajasthan, India	598848	31522
Palace Of Maharana Pratap, Udaipur, Rajasthan, India	Marine Drive, Chowpatty, Mumbai, Maharashtra, India	780607	39264
Red Fort, Netaji Subhash Marg, Chandni Chowk, New Delhi, Delhi, India	Jog Falls, Karnataka, India	2017682	107903
Gateway Of India Mumbai, Mumbai, Maharashtra, India	Charminar, Hyderabad, Telangana, India	724519	41479
Khajuraho Temples, Khajuraho, Madhya Pradesh, India	Mehrangarh Fort, Jodhpur, Rajasthan, India	874962	50570
Kanha National Park, Madhya Pradesh, India	Mehrangarh Fort, Jodhpur, Rajasthan, India	1190123	64929
Amer Fort and Palace, Jaipur, Rajasthan, India	Darjeeling Rangeet Valley Passenger Ropeway, Darjeeling, West Bengal, India	1557241	89026
Golconda Fort, Fort Road, Hyderabad, Telangana, India	Darjeeling Rangeet Valley Passenger Ropeway, Darjeeling, West Bengal, India	2136984	120704
Golden Temple, Amritsar, Punjab, India	Jaisalmer Fort, Amar Sagar Pol, Jaisalmer, Rajasthan, India	837841	43280
Agra Fort, Agra, Uttar Pradesh, India	Marine Drive, Chowpatty, Mumbai, Maharashtra, India	1419790	72887
Swaminarayan Akshardham, New Delhi, Delhi, India	Maharajah's Palace, Mysore, Karnataka, India	2271578	117681
Gandhi Smriti, New Delhi, Delhi, India	Amer Fort and Palace, Jaipur, Rajasthan, India	252964	13519
Jaisalmer Fort, Amar Sagar Pol, Jaisalmer, Rajasthan, India	Hawa Mahal, Hawa Mahal Road, Badi Choupad, Pink City, Jaipur, Rajasthan, India	557381	30117
Jaisalmer Fort, Amar Sagar Pol, Jaisalmer, Rajasthan, India	Khajuraho Temples, Khajuraho, Madhya Pradesh, India	1163301	64722
Golden Temple, Amritsar, Punjab, India	Virupaksha Temple, Hampi, Karnataka, India	2205524	121129
Gandhi Smriti, New Delhi, Delhi, India	Charminar, Hyderabad, Telangana, India	1551548	82478
Golden Temple, Amritsar, Punjab, India	Solang Valley, Burwa, Himachal Pradesh, India	429556	29514
Dal Lake, Rainawari, Srinagar	Kodaikanal Lake, Kodaikanal, Tamil Nadu, India	3438037	190214
Dal Lake, Rainawari, Srinagar	Sabarmati Ashram, Ahmedabad, Gujarat, India	1731879	99011
Konark Sun Temple, Konark, Odisha, India	Virupaksha Temple, Hampi, Karnataka, India	1464269	81786
Mani Bhavan Gandhi Sanghralaya, Laburnum Road, Papanas Wadi, Mumbai, Maharashtra, India	Ganges, Katesar, Varanasi, Uttar Pradesh, India	1556434	85932
Solang Valley, Burwa, Himachal Pradesh, India	Swaminarayan Akshardham, New Delhi, Delhi, India	564632	38342
Gateway Of India Mumbai, Mumbai, Maharashtra, India	Dal Lake, Rainawari, Srinagar	2261390	125544
Marina Beach, Chennai, Tamil Nadu, India	Mani Bhavan Gandhi Sanghralaya, Laburnum Road, Papanas Wadi, Mumbai, Maharashtra, India	1354196	66061
Kanha National Park, Madhya Pradesh, India	Dal Lake, Rainawari, Srinagar	1800490	105945
Swaminarayan Akshardham, New Delhi, Delhi, India	Red Fort, Netaji Subhash Marg, Chandni Chowk, New Delhi, Delhi, India	7964	860
Ajanta Caves, Aurangabad, Maharashtra, India	Kaziranga National Park, Kanchanjuri, Assam, India	2405905	149549
Gandhi Smriti, New Delhi, Delhi, India	India Backwaters, Kochi, Kerala, India	2685861	138955
Swaminarayan Akshardham, New Delhi, Delhi, India	Khajuraho Temples, Khajuraho, Madhya Pradesh, India	630494	33647
Golden Temple, Amritsar, Punjab, India	Marina Beach, Chennai, Tamil Nadu, India	2637134	141311
India Backwaters, Kochi, Kerala, India	Kodaikanal Lake, Kodaikanal, Tamil Nadu, India	301120	24294
Amer Fort and Palace, Jaipur, Rajasthan, India	India Backwaters, Kochi, Kerala, India	2567510	136105
Mehrangarh Fort, Jodhpur, Rajasthan, India	Charminar, Hyderabad, Telangana, India	1434636	86569
Solang Valley, Burwa, Himachal Pradesh, India	Jog Falls, Karnataka, India	2578168	143177
Humayun's Tomb, New Delhi, Delhi, India	Mani Bhavan Gandhi Sanghralaya, Laburnum Road, Papanas Wadi, Mumbai, Maharashtra, India	1456744	71825
Marina Beach, Chennai, Tamil Nadu, India	Golconda Fort, Fort Road, Hyderabad, Telangana, India	668181	34670
Darjeeling Rangeet Valley Passenger Ropeway, Darjeeling, West Bengal, India	Sabarmati Ashram, Ahmedabad, Gujarat, India	2123056	115807
Humayun's Tomb, New Delhi, Delhi, India	Marine Drive, Chowpatty, Mumbai, Maharashtra, India	1458254	72165
Humayun's Tomb, New Delhi, Delhi, India	India Backwaters, Kochi, Kerala, India	2683921	138899
Golconda Fort, Fort Road, Hyderabad, Telangana, India	Mehrangarh Fort, Jodhpur, Rajasthan, India	1423124	85736
Ganges, Katesar, Varanasi, Uttar Pradesh, India	Sabarmati Ashram, Ahmedabad, Gujarat, India	1387877	71325
Khajuraho Temples, Khajuraho, Madhya Pradesh, India	Red Fort, Netaji Subhash Marg, Chandni Chowk, New Delhi, Delhi, India	637829	34321
Hawa Mahal, Hawa Mahal Road, Badi Choupad, Pink City, Jaipur, Rajasthan, India	Virupaksha Temple, Hampi, Karnataka, India	1620486	89166
Amer Fort and Palace, Jaipur, Rajasthan, India	Kodaikanal Lake, Kodaikanal, Tamil Nadu, India	2485675	131618
Virupaksha Temple, Hampi, Karnataka, India	Darjeeling Rangeet Valley Passenger Ropeway, Darjeeling, West Bengal, India	2473222	141809
Itmad-ud-Daula, Agra, Uttar Pradesh, India	Golconda Fort, Fort Road, Hyderabad, Telangana, India	1378233	74261
Amer Fort and Palace, Jaipur, Rajasthan, India	Palolem Beach, Goa, India	1657139	96115
Palolem Beach, Goa, India	Taj Mahal, Agra, Uttar Pradesh, India	1677759	109115
Ajanta Caves, Aurangabad, Maharashtra, India	Sabarmati Ashram, Ahmedabad, Gujarat, India	608386	32917
Humayun's Tomb, New Delhi, Delhi, India	Qutub Minar, New Delhi, Delhi, India	11729	1459
Mani Bhavan Gandhi Sanghralaya, Laburnum Road, Papanas Wadi, Mumbai, Maharashtra, India	Kaziranga National Park, Kanchanjuri, Assam, India	2812999	162604
Marina Beach, Chennai, Tamil Nadu, India	Maharajah's Palace, Mysore, Karnataka, India	486207	27131
Swaminarayan Akshardham, New Delhi, Delhi, India	Agra Fort, Agra, Uttar Pradesh, India	201681	8610
Marina Beach, Chennai, Tamil Nadu, India	Gateway Of India Mumbai, Mumbai, Maharashtra, India	1354647	65998
Ajanta Caves, Aurangabad, Maharashtra, India	Ganges, Katesar, Varanasi, Uttar Pradesh, India	1109752	72510
Jaisalmer Fort, Amar Sagar Pol, Jaisalmer, Rajasthan, India	Agra Fort, Agra, Uttar Pradesh, India	810379	43751
Palace Of Maharana Pratap, Udaipur, Rajasthan, India	Sabarmati Ashram, Ahmedabad, Gujarat, India	255335	13013
Qutub Minar, New Delhi, Delhi, India	Darjeeling Rangeet Valley Passenger Ropeway, Darjeeling, West Bengal, India	1426829	82924
Palolem Beach, Goa, India	Agra Fort, Agra, Uttar Pradesh, India	1675826	108703
Humayun's Tomb, New Delhi, Delhi, India	Dal Lake, Rainawari, Srinagar	861002	56674
Konark Sun Temple, Konark, Odisha, India	Amer Fort and Palace, Jaipur, Rajasthan, India	1749698	98146
India Backwaters, Kochi, Kerala, India	Palolem Beach, Goa, India	722351	53632
Swaminarayan Akshardham, New Delhi, Delhi, India	Taj Mahal, Agra, Uttar Pradesh, India	205653	9305
Marina Beach, Chennai, Tamil Nadu, India	Red Fort, Netaji Subhash Marg, Chandni Chowk, New Delhi, Delhi, India	2183324	115143
Virupaksha Temple, Hampi, Karnataka, India	Sabarmati Ashram, Ahmedabad, Gujarat, India	1249411	64072
Jog Falls, Karnataka, India	Darjeeling Rangeet Valley Passenger Ropeway, Darjeeling, West Bengal, India	2760719	159383
Itmad-ud-Daula, Agra, Uttar Pradesh, India	Dal Lake, Rainawari, Srinagar	1055278	64284
Itmad-ud-Daula, Agra, Uttar Pradesh, India	Swaminarayan Akshardham, New Delhi, Delhi, India	196972	8197
Maharajah's Palace, Mysore, Karnataka, India	Marine Drive, Chowpatty, Mumbai, Maharashtra, India	1048806	54275
Jog Falls, Karnataka, India	Ganges, Katesar, Varanasi, Uttar Pradesh, India	1778119	114678
India Backwaters, Kochi, Kerala, India	Taj Mahal, Agra, Uttar Pradesh, India	2483067	130609
Red Fort, Netaji Subhash Marg, Chandni Chowk, New Delhi, Delhi, India	Charminar, Hyderabad, Telangana, India	1553146	82644
Qutub Minar, New Delhi, Delhi, India	Kaziranga National Park, Kanchanjuri, Assam, India	1947183	114629
Golconda Fort, Fort Road, Hyderabad, Telangana, India	Agra Fort, Agra, Uttar Pradesh, India	1376309	74025
Solang Valley, Burwa, Himachal Pradesh, India	Marina Beach, Chennai, Tamil Nadu, India	2737029	154065
Darjeeling Rangeet Valley Passenger Ropeway, Darjeeling, West Bengal, India	Charminar, Hyderabad, Telangana, India	2098300	119919
Hawa Mahal, Hawa Mahal Road, Badi Choupad, Pink City, Jaipur, Rajasthan, India	Kodaikanal Lake, Kodaikanal, Tamil Nadu, India	2478181	130889
Humayun's Tomb, New Delhi, Delhi, India	Kanha National Park, Madhya Pradesh, India	946300	50306
Hawa Mahal, Hawa Mahal Road, Badi Choupad, Pink City, Jaipur, Rajasthan, India	Marine Drive, Chowpatty, Mumbai, Maharashtra, India	1201736	59814
Kanha National Park, Madhya Pradesh, India	Ajanta Caves, Aurangabad, Maharashtra, India	706175	42108
Amer Fort and Palace, Jaipur, Rajasthan, India	Red Fort, Netaji Subhash Marg, Chandni Chowk, New Delhi, Delhi, India	255095	13844
Gandhi Smriti, New Delhi, Delhi, India	Gateway Of India Mumbai, Mumbai, Maharashtra, India	1461034	72455
Konark Sun Temple, Konark, Odisha, India	Charminar, Hyderabad, Telangana, India	1089347	59896
Itmad-ud-Daula, Agra, Uttar Pradesh, India	Kodaikanal Lake, Kodaikanal, Tamil Nadu, India	2401223	125946
Golden Temple, Amritsar, Punjab, India	Marine Drive, Chowpatty, Mumbai, Maharashtra, India	1789767	91064
Virupaksha Temple, Hampi, Karnataka, India	Palolem Beach, Goa, India	365022	23562
Golden Temple, Amritsar, Punjab, India	Konark Sun Temple, Konark, Odisha, India	2154053	117964
Qutub Minar, New Delhi, Delhi, India	Ajanta Caves, Aurangabad, Maharashtra, India	1191191	62731
Humayun's Tomb, New Delhi, Delhi, India	Sabarmati Ashram, Ahmedabad, Gujarat, India	932982	45914
Swaminarayan Akshardham, New Delhi, Delhi, India	Gateway Of India Mumbai, Mumbai, Maharashtra, India	1463071	72561
Qutub Minar, New Delhi, Delhi, India	Khajuraho Temples, Khajuraho, Madhya Pradesh, India	641394	34709
Palace Of Maharana Pratap, Udaipur, Rajasthan, India	Swaminarayan Akshardham, New Delhi, Delhi, India	684871	33802
Konark Sun Temple, Konark, Odisha, India	Marine Drive, Chowpatty, Mumbai, Maharashtra, India	1814248	98591
Palace Of Maharana Pratap, Udaipur, Rajasthan, India	Kanha National Park, Madhya Pradesh, India	945044	55832
Qutub Minar, New Delhi, Delhi, India	Red Fort, Netaji Subhash Marg, Chandni Chowk, New Delhi, Delhi, India	17749	1934
Jaisalmer Fort, Amar Sagar Pol, Jaisalmer, Rajasthan, India	Gateway Of India Mumbai, Mumbai, Maharashtra, India	1071728	54911
Gateway Of India Mumbai, Mumbai, Maharashtra, India	Kaziranga National Park, Kanchanjuri, Assam, India	2813451	162541
Golden Temple, Amritsar, Punjab, India	Gateway Of India Mumbai, Mumbai, Maharashtra, India	1790390	91138
Kanha National Park, Madhya Pradesh, India	Kaziranga National Park, Kanchanjuri, Assam, India	1822821	114911
Golden Temple, Amritsar, Punjab, India	Kanha National Park, Madhya Pradesh, India	1403648	76696
Dal Lake, Rainawari, Srinagar	Ajanta Caves, Aurangabad, Maharashtra, India	2000727	116807
Mehrangarh Fort, Jodhpur, Rajasthan, India	Ganges, Katesar, Varanasi, Uttar Pradesh, India	1180485	62778
Itmad-ud-Daula, Agra, Uttar Pradesh, India	India Backwaters, Kochi, Kerala, India	2483059	130433
Ajanta Caves, Aurangabad, Maharashtra, India	Marine Drive, Chowpatty, Mumbai, Maharashtra, India	453359	26806
Itmad-ud-Daula, Agra, Uttar Pradesh, India	Ganges, Katesar, Varanasi, Uttar Pradesh, India	608203	31355
Swaminarayan Akshardham, New Delhi, Delhi, India	Palolem Beach, Goa, India	1910357	108059
Dal Lake, Rainawari, Srinagar	Golconda Fort, Fort Road, Hyderabad, Telangana, India	2398664	138903
Palace Of Maharana Pratap, Udaipur, Rajasthan, India	Agra Fort, Agra, Uttar Pradesh, India	642213	34203
Khajuraho Temples, Khajuraho, Madhya Pradesh, India	Agra Fort, Agra, Uttar Pradesh, India	416748	26276
Ajanta Caves, Aurangabad, Maharashtra, India	Charminar, Hyderabad, Telangana, India	579954	38856
Qutub Minar, New Delhi, Delhi, India	Itmad-ud-Daula, Agra, Uttar Pradesh, India	207871	9259
Mani Bhavan Gandhi Sanghralaya, Laburnum Road, Papanas Wadi, Mumbai, Maharashtra, India	Charminar, Hyderabad, Telangana, India	724067	41542
Amer Fort and Palace, Jaipur, Rajasthan, India	Mehrangarh Fort, Jodhpur, Rajasthan, India	346996	19202
Solang Valley, Burwa, Himachal Pradesh, India	Amer Fort and Palace, Jaipur, Rajasthan, India	815580	49119
Mehrangarh Fort, Jodhpur, Rajasthan, India	Kodaikanal Lake, Kodaikanal, Tamil Nadu, India	2414614	123000
Palace Of Maharana Pratap, Udaipur, Rajasthan, India	Khajuraho Temples, Khajuraho, Madhya Pradesh, India	777252	42170
Solang Valley, Burwa, Himachal Pradesh, India	Golconda Fort, Fort Road, Hyderabad, Telangana, India	2104359	120972
Palace Of Maharana Pratap, Udaipur, Rajasthan, India	Taj Mahal, Agra, Uttar Pradesh, India	647011	34879
Marina Beach, Chennai, Tamil Nadu, India	Swaminarayan Akshardham, New Delhi, Delhi, India	2176620	114616
Humayun's Tomb, New Delhi, Delhi, India	Marina Beach, Chennai, Tamil Nadu, India	2179787	114922
Darjeeling Rangeet Valley Passenger Ropeway, Darjeeling, West Bengal, India	Taj Mahal, Agra, Uttar Pradesh, India	1309337	76215
Red Fort, Netaji Subhash Marg, Chandni Chowk, New Delhi, Delhi, India	Taj Mahal, Agra, Uttar Pradesh, India	212987	9980
Kanha National Park, Madhya Pradesh, India	Maharajah's Palace, Mysore, Karnataka, India	1496237	78384
Humayun's Tomb, New Delhi, Delhi, India	Charminar, Hyderabad, Telangana, India	1549609	82423
Gandhi Smriti, New Delhi, Delhi, India	Red Fort, Netaji Subhash Marg, Chandni Chowk, New Delhi, Delhi, India	3380	561
Palolem Beach, Goa, India	Kodaikanal Lake, Kodaikanal, Tamil Nadu, India	1035688	56856
Humayun's Tomb, New Delhi, Delhi, India	Konark Sun Temple, Konark, Odisha, India	1696705	91575
Dal Lake, Rainawari, Srinagar	Mani Bhavan Gandhi Sanghralaya, Laburnum Road, Papanas Wadi, Mumbai, Maharashtra, India	2255399	125004
Golden Temple, Amritsar, Punjab, India	Mani Bhavan Gandhi Sanghralaya, Laburnum Road, Papanas Wadi, Mumbai, Maharashtra, India	1786625	90543
Kaziranga National Park, Kanchanjuri, Assam, India	Darjeeling Rangeet Valley Passenger Ropeway, Darjeeling, West Bengal, India	659582	42052
India Backwaters, Kochi, Kerala, India	Darjeeling Rangeet Valley Passenger Ropeway, Darjeeling, West Bengal, India	2918223	165183
Humayun's Tomb, New Delhi, Delhi, India	Swaminarayan Akshardham, New Delhi, Delhi, India	9919	1037
Gandhi Smriti, New Delhi, Delhi, India	Solang Valley, Burwa, Himachal Pradesh, India	560575	37993
Golconda Fort, Fort Road, Hyderabad, Telangana, India	Ganges, Katesar, Varanasi, Uttar Pradesh, India	1245794	76165
Humayun's Tomb, New Delhi, Delhi, India	Kaziranga National Park, Kanchanjuri, Assam, India	1939205	114020
Hawa Mahal, Hawa Mahal Road, Badi Choupad, Pink City, Jaipur, Rajasthan, India	Sabarmati Ashram, Ahmedabad, Gujarat, India	676464	33563
Swaminarayan Akshardham, New Delhi, Delhi, India	Kodaikanal Lake, Kodaikanal, Tamil Nadu, India	2598919	134106
Gandhi Smriti, New Delhi, Delhi, India	Kanha National Park, Madhya Pradesh, India	948240	50362
Ajanta Caves, Aurangabad, Maharashtra, India	Darjeeling Rangeet Valley Passenger Ropeway, Darjeeling, West Bengal, India	1885551	117854
Kanha National Park, Madhya Pradesh, India	Mani Bhavan Gandhi Sanghralaya, Laburnum Road, Papanas Wadi, Mumbai, Maharashtra, India	1110505	62604
Virupaksha Temple, Hampi, Karnataka, India	Ajanta Caves, Aurangabad, Maharashtra, India	701089	44414
Kanha National Park, Madhya Pradesh, India	Marine Drive, Chowpatty, Mumbai, Maharashtra, India	1110478	63088
Jaisalmer Fort, Amar Sagar Pol, Jaisalmer, Rajasthan, India	Marina Beach, Chennai, Tamil Nadu, India	2381705	117647
Hawa Mahal, Hawa Mahal Road, Badi Choupad, Pink City, Jaipur, Rajasthan, India	Ajanta Caves, Aurangabad, Maharashtra, India	946449	50468
Jog Falls, Karnataka, India	Taj Mahal, Agra, Uttar Pradesh, India	1782568	109846
Solang Valley, Burwa, Himachal Pradesh, India	Maharajah's Palace, Mysore, Karnataka, India	2835580	155836
Mani Bhavan Gandhi Sanghralaya, Laburnum Road, Papanas Wadi, Mumbai, Maharashtra, India	Agra Fort, Agra, Uttar Pradesh, India	1418279	72548
Humayun's Tomb, New Delhi, Delhi, India	Darjeeling Rangeet Valley Passenger Ropeway, Darjeeling, West Bengal, India	1418851	82315
Dal Lake, Rainawari, Srinagar	Virupaksha Temple, Hampi, Karnataka, India	2674764	155505
Palace Of Maharana Pratap, Udaipur, Rajasthan, India	Golconda Fort, Fort Road, Hyderabad, Telangana, India	1165345	71293
Palace Of Maharana Pratap, Udaipur, Rajasthan, India	Amer Fort and Palace, Jaipur, Rajasthan, India	431653	21859
Virupaksha Temple, Hampi, Karnataka, India	Mehrangarh Fort, Jodhpur, Rajasthan, India	1696450	89024
Solang Valley, Burwa, Himachal Pradesh, India	Virupaksha Temple, Hampi, Karnataka, India	2440693	137572
Jog Falls, Karnataka, India	Agra Fort, Agra, Uttar Pradesh, India	1780636	109433
Maharajah's Palace, Mysore, Karnataka, India	India Backwaters, Kochi, Kerala, India	343275	26782
Mani Bhavan Gandhi Sanghralaya, Laburnum Road, Papanas Wadi, Mumbai, Maharashtra, India	Darjeeling Rangeet Valley Passenger Ropeway, Darjeeling, West Bengal, India	2292645	130899
Hawa Mahal, Hawa Mahal Road, Badi Choupad, Pink City, Jaipur, Rajasthan, India	Kaziranga National Park, Kanchanjuri, Assam, India	2070643	120334
Red Fort, Netaji Subhash Marg, Chandni Chowk, New Delhi, Delhi, India	Kaziranga National Park, Kanchanjuri, Assam, India	1942743	114241
Golden Temple, Amritsar, Punjab, India	Khajuraho Temples, Khajuraho, Madhya Pradesh, India	1092612	60154
Khajuraho Temples, Khajuraho, Madhya Pradesh, India	Kaziranga National Park, Kanchanjuri, Assam, India	1716478	103721
Palace Of Maharana Pratap, Udaipur, Rajasthan, India	Dal Lake, Rainawari, Srinagar	1477600	87072
Solang Valley, Burwa, Himachal Pradesh, India	Kaziranga National Park, Kanchanjuri, Assam, India	2482918	150982
Konark Sun Temple, Konark, Odisha, India	Maharajah's Palace, Mysore, Karnataka, India	1624110	91628
Qutub Minar, New Delhi, Delhi, India	Marine Drive, Chowpatty, Mumbai, Maharashtra, India	1446052	71547
Palace Of Maharana Pratap, Udaipur, Rajasthan, India	Jog Falls, Karnataka, India	1483430	75441
Gandhi Smriti, New Delhi, Delhi, India	Humayun's Tomb, New Delhi, Delhi, India	7884	915
Kodaikanal Lake, Kodaikanal, Tamil Nadu, India	Ganges, Katesar, Varanasi, Uttar Pradesh, India	2291291	126332
Golden Temple, Amritsar, Punjab, India	Jog Falls, Karnataka, India	2342485	127366
Jaisalmer Fort, Amar Sagar Pol, Jaisalmer, Rajasthan, India	Ajanta Caves, Aurangabad, Maharashtra, India	1131971	59751
Jog Falls, Karnataka, India	Kaziranga National Park, Kanchanjuri, Assam, India	3281073	191077
Marina Beach, Chennai, Tamil Nadu, India	Amer Fort and Palace, Jaipur, Rajasthan, India	2100088	116513
Marina Beach, Chennai, Tamil Nadu, India	Kodaikanal Lake, Kodaikanal, Tamil Nadu, India	524358	30753
Swaminarayan Akshardham, New Delhi, Delhi, India	Virupaksha Temple, Hampi, Karnataka, India	1878205	102553
Qutub Minar, New Delhi, Delhi, India	Palace Of Maharana Pratap, Udaipur, Rajasthan, India	668476	32863
Maharajah's Palace, Mysore, Karnataka, India	Darjeeling Rangeet Valley Passenger Ropeway, Darjeeling, West Bengal, India	2633063	151651
Gandhi Smriti, New Delhi, Delhi, India	Khajuraho Temples, Khajuraho, Madhya Pradesh, India	635772	34043
Solang Valley, Burwa, Himachal Pradesh, India	Charminar, Hyderabad, Telangana, India	2099494	120606
Humayun's Tomb, New Delhi, Delhi, India	Ajanta Caves, Aurangabad, Maharashtra, India	1203393	63349
Mani Bhavan Gandhi Sanghralaya, Laburnum Road, Papanas Wadi, Mumbai, Maharashtra, India	Amer Fort and Palace, Jaipur, Rajasthan, India	1207719	60204
Solang Valley, Burwa, Himachal Pradesh, India	Red Fort, Netaji Subhash Marg, Chandni Chowk, New Delhi, Delhi, India	557572	38003
Hawa Mahal, Hawa Mahal Road, Badi Choupad, Pink City, Jaipur, Rajasthan, India	Khajuraho Temples, Khajuraho, Madhya Pradesh, India	619468	36381
Jaisalmer Fort, Amar Sagar Pol, Jaisalmer, Rajasthan, India	Itmad-ud-Daula, Agra, Uttar Pradesh, India	812251	43937
Qutub Minar, New Delhi, Delhi, India	Ganges, Katesar, Varanasi, Uttar Pradesh, India	805630	39210
Virupaksha Temple, Hampi, Karnataka, India	Khajuraho Temples, Khajuraho, Madhya Pradesh, India	1451102	83561
Khajuraho Temples, Khajuraho, Madhya Pradesh, India	Darjeeling Rangeet Valley Passenger Ropeway, Darjeeling, West Bengal, India	1196125	72016
Hawa Mahal, Hawa Mahal Road, Badi Choupad, Pink City, Jaipur, Rajasthan, India	Red Fort, Netaji Subhash Marg, Chandni Chowk, New Delhi, Delhi, India	263002	14443
Maharajah's Palace, Mysore, Karnataka, India	Sabarmati Ashram, Ahmedabad, Gujarat, India	1549132	78602
Swaminarayan Akshardham, New Delhi, Delhi, India	India Backwaters, Kochi, Kerala, India	2680755	138593
Kanha National Park, Madhya Pradesh, India	Sabarmati Ashram, Ahmedabad, Gujarat, India	1001460	57839
Kaziranga National Park, Kanchanjuri, Assam, India	Taj Mahal, Agra, Uttar Pradesh, India	1829691	107920
Gandhi Smriti, New Delhi, Delhi, India	Hawa Mahal, Hawa Mahal Road, Badi Choupad, Pink City, Jaipur, Rajasthan, India	262350	14083
Konark Sun Temple, Konark, Odisha, India	Agra Fort, Agra, Uttar Pradesh, India	1509866	84588
Mani Bhavan Gandhi Sanghralaya, Laburnum Road, Papanas Wadi, Mumbai, Maharashtra, India	Palolem Beach, Goa, India	641609	38698
Dal Lake, Rainawari, Srinagar	Darjeeling Rangeet Valley Passenger Ropeway, Darjeeling, West Bengal, India	2221797	136985
Marina Beach, Chennai, Tamil Nadu, India	Ajanta Caves, Aurangabad, Maharashtra, India	1226075	71204
Jaisalmer Fort, Amar Sagar Pol, Jaisalmer, Rajasthan, India	Mehrangarh Fort, Jodhpur, Rajasthan, India	277091	14515
Marine Drive, Chowpatty, Mumbai, Maharashtra, India	Ganges, Katesar, Varanasi, Uttar Pradesh, India	1555752	86048
Konark Sun Temple, Konark, Odisha, India	Taj Mahal, Agra, Uttar Pradesh, India	1501794	85334
Dal Lake, Rainawari, Srinagar	Charminar, Hyderabad, Telangana, India	2385560	138225
Marina Beach, Chennai, Tamil Nadu, India	Marine Drive, Chowpatty, Mumbai, Maharashtra, India	1355379	66147
Khajuraho Temples, Khajuraho, Madhya Pradesh, India	Sabarmati Ashram, Ahmedabad, Gujarat, India	1029557	54604
Red Fort, Netaji Subhash Marg, Chandni Chowk, New Delhi, Delhi, India	Marine Drive, Chowpatty, Mumbai, Maharashtra, India	1463488	71873
Humayun's Tomb, New Delhi, Delhi, India	Palace Of Maharana Pratap, Udaipur, Rajasthan, India	680677	33480
Maharajah's Palace, Mysore, Karnataka, India	Kodaikanal Lake, Kodaikanal, Tamil Nadu, India	350858	27239
Gandhi Smriti, New Delhi, Delhi, India	Sabarmati Ashram, Ahmedabad, Gujarat, India	935139	46130
Humayun's Tomb, New Delhi, Delhi, India	Taj Mahal, Agra, Uttar Pradesh, India	209181	9696
Kanha National Park, Madhya Pradesh, India	Taj Mahal, Agra, Uttar Pradesh, India	745446	42016
Marina Beach, Chennai, Tamil Nadu, India	Virupaksha Temple, Hampi, Karnataka, India	594020	38106
Virupaksha Temple, Hampi, Karnataka, India	Charminar, Hyderabad, Telangana, India	373655	23797
Palace Of Maharana Pratap, Udaipur, Rajasthan, India	Ajanta Caves, Aurangabad, Maharashtra, India	685365	39195
Itmad-ud-Daula, Agra, Uttar Pradesh, India	Konark Sun Temple, Konark, Odisha, India	1507256	84329
Humayun's Tomb, New Delhi, Delhi, India	Maharajah's Palace, Mysore, Karnataka, India	2275106	118071
Maharajah's Palace, Mysore, Karnataka, India	Charminar, Hyderabad, Telangana, India	715368	36578
Gateway Of India Mumbai, Mumbai, Maharashtra, India	Maharajah's Palace, Mysore, Karnataka, India	1048936	54243
Kanha National Park, Madhya Pradesh, India	Charminar, Hyderabad, Telangana, India	758658	43043
Gandhi Smriti, New Delhi, Delhi, India	Ganges, Katesar, Varanasi, Uttar Pradesh, India	799592	38656
Hawa Mahal, Hawa Mahal Road, Badi Choupad, Pink City, Jaipur, Rajasthan, India	Golconda Fort, Fort Road, Hyderabad, Telangana, India	1431426	82948
Agra Fort, Agra, Uttar Pradesh, India	Charminar, Hyderabad, Telangana, India	1346822	73720
Mani Bhavan Gandhi Sanghralaya, Laburnum Road, Papanas Wadi, Mumbai, Maharashtra, India	Taj Mahal, Agra, Uttar Pradesh, India	1423078	73224
Red Fort, Netaji Subhash Marg, Chandni Chowk, New Delhi, Delhi, India	Golconda Fort, Fort Road, Hyderabad, Telangana, India	1547692	83491
Kanha National Park, Madhya Pradesh, India	Jog Falls, Karnataka, India	1297964	83377
Darjeeling Rangeet Valley Passenger Ropeway, Darjeeling, West Bengal, India	Marine Drive, Chowpatty, Mumbai, Maharashtra, India	2293828	130985
Gandhi Smriti, New Delhi, Delhi, India	Taj Mahal, Agra, Uttar Pradesh, India	210930	9701
Kanha National Park, Madhya Pradesh, India	Swaminarayan Akshardham, New Delhi, Delhi, India	943134	50000
Dal Lake, Rainawari, Srinagar	Red Fort, Netaji Subhash Marg, Chandni Chowk, New Delhi, Delhi, India	834846	56230
Kodaikanal Lake, Kodaikanal, Tamil Nadu, India	Taj Mahal, Agra, Uttar Pradesh, India	2401232	126122
Dal Lake, Rainawari, Srinagar	Khajuraho Temples, Khajuraho, Madhya Pradesh, India	1488801	89734
Palace Of Maharana Pratap, Udaipur, Rajasthan, India	Kaziranga National Park, Kanchanjuri, Assam, India	2389365	135704
Golden Temple, Amritsar, Punjab, India	Palace Of Maharana Pratap, Udaipur, Rajasthan, India	1008826	52611
Hawa Mahal, Hawa Mahal Road, Badi Choupad, Pink City, Jaipur, Rajasthan, India	Palolem Beach, Goa, India	1656331	94373
Marina Beach, Chennai, Tamil Nadu, India	Mehrangarh Fort, Jodhpur, Rajasthan, India	2298665	114860
Humayun's Tomb, New Delhi, Delhi, India	Ganges, Katesar, Varanasi, Uttar Pradesh, India	797652	38601
Dal Lake, Rainawari, Srinagar	Jog Falls, Karnataka, India	2809869	161564
Maharajah's Palace, Mysore, Karnataka, India	Palolem Beach, Goa, India	532229	35631
Palace Of Maharana Pratap, Udaipur, Rajasthan, India	Konark Sun Temple, Konark, Odisha, India	1797501	103260
Swaminarayan Akshardham, New Delhi, Delhi, India	Marine Drive, Chowpatty, Mumbai, Maharashtra, India	1462447	72487
Marina Beach, Chennai, Tamil Nadu, India	Palolem Beach, Goa, India	919739	48716
India Backwaters, Kochi, Kerala, India	Marine Drive, Chowpatty, Mumbai, Maharashtra, India	1546742	78090
Kanha National Park, Madhya Pradesh, India	Khajuraho Temples, Khajuraho, Madhya Pradesh, India	374018	24694
Humayun's Tomb, New Delhi, Delhi, India	Mehrangarh Fort, Jodhpur, Rajasthan, India	594277	31121
Kaziranga National Park, Kanchanjuri, Assam, India	Sabarmati Ashram, Ahmedabad, Gujarat, India	2643816	146964
Gateway Of India Mumbai, Mumbai, Maharashtra, India	Mehrangarh Fort, Jodhpur, Rajasthan, India	988688	52124
Maharajah's Palace, Mysore, Karnataka, India	Taj Mahal, Agra, Uttar Pradesh, India	2085139	109371
Virupaksha Temple, Hampi, Karnataka, India	Agra Fort, Agra, Uttar Pradesh, India	1741529	96463
Gateway Of India Mumbai, Mumbai, Maharashtra, India	Amer Fort and Palace, Jaipur, Rajasthan, India	1209853	60618
Palace Of Maharana Pratap, Udaipur, Rajasthan, India	Maharajah's Palace, Mysore, Karnataka, India	1788727	90202
Solang Valley, Burwa, Himachal Pradesh, India	Ganges, Katesar, Varanasi, Uttar Pradesh, India	1357618	75776